cluster,centroid_x,centroid_y
1,33.142788461538466,8.793750000000001
2,21.543333333333326,23.003333333333334
3,18.88459715639812,7.124644549763037
4,32.69453124999999,22.137890624999997
5,9.498076923076923,19.509615384615387
6,9.576953125000003,7.435156250000001
7,9.213829787234042,25.609042553191486
