cluster,centroid_x,centroid_y
1,31.514473684210536,22.471052631578942
2,33.14150000000001,8.568500000000002
3,33.220000000000006,25.73
4,19.904330708661423,5.425984251968506
5,33.17129629629629,18.671296296296298
6,8.985964912280705,7.220614035087719
7,21.413043478260864,23.12608695652174
8,16.68529411764705,9.839705882352941
9,9.267964071856285,22.990718562874253
