cluster,centroid_x,centroid_y
1,9.785401459854015,7.606569343065694
2,19.040686274509813,7.059068627450983
3,33.140952380952385,8.85904761904762
4,10.0775956284153,22.951639344262297
5,30.62735849056601,22.35754716981132
