cluster,centroid_x,centroid_y
1,247251.19736842104,852225.2828947369
2,606274.5049504951,575804.207920792
3,410548.5327102804,167633.9003115265
4,855956.9619565217,555325.1467391305
5,367181.52252252254,482597.7237237237
6,618268.1299435028,398653.2994350282
7,826445.7857142857,240070.25
8,152840.13414634147,455239.6219512195
9,742833.3265306122,805133.2108843537
10,421186.5606936416,789267.739884393
